{"anchors": [1.22, 1.29, 1.41, 1.83, 1.88, 2.33, 1.59, 1.75, 1.09, 0.92], "inputs": {"input0": [224, 224, 3]}, "outputs": {"output0": [7, 7, 65]}, "loss": [[1, 1.85907], [2, 0.85191], [3, 0.48065], [4, 0.26486], [5, 0.18121], [6, 0.59317], [7, 0.17293], [8, 0.15694], [9, 0.17636], [10, 0.12802], [11, 0.15975], [12, 0.25351], [13, 0.1921], [14, 0.17997], [15, 0.29182], [16, 0.29259], [17, 0.17297], [18, 0.16207], [19, 0.10332], [20, 0.13794], [21, 0.13498], [22, 0.1377], [23, 0.09867], [24, 0.13394], [25, 0.10757], [26, 0.12369], [27, 0.1467], [28, 0.14738], [29, 0.16004], [30, 0.10266], [31, 0.09971], [32, 0.1339], [33, 0.19151], [34, 0.0792], [35, 0.08733], [36, 0.17212], [37, 0.13812], [38, 0.12191], [39, 0.12049], [40, 0.10671], [41, 0.10121], [42, 0.09324], [43, 0.12441], [44, 0.09526], [45, 0.07844], [46, 0.06871], [47, 0.08183], [48, 0.07818], [49, 0.0919], [50, 0.07116], [51, 0.07296], [52, 0.18867], [53, 0.08135], [54, 0.07837], [55, 0.06482], [56, 0.06877], [57, 0.06045], [58, 0.05803], [59, 0.05806], [60, 0.07885], [61, 0.07568], [62, 0.05469], [63, 0.07297], [64, 0.12753], [65, 0.12843], [66, 0.07723], [67, 0.08924], [68, 0.06304], [69, 0.05248], [70, 0.04385], [71, 0.03516], [72, 0.04586], [73, 0.04384], [74, 0.03365], [75, 0.03159], [76, 0.087], [77, 0.05802], [78, 0.07723], [79, 0.1849], [80, 0.08999], [81, 0.08798], [82, 0.09079], [83, 0.08552], [84, 0.07783], [85, 0.06837], [86, 0.05661], [87, 0.06853], [88, 0.05003], [89, 0.07058], [90, 0.0895], [91, 0.07843], [92, 0.07851], [93, 0.10048], [94, 0.0725], [95, 0.0677], [96, 0.0536], [97, 0.04154], [98, 0.04921], [99, 0.04553], [100, 0.03761], [101, 0.03055], [102, 0.03392], [103, 0.02801], [104, 0.0329], [105, 0.0422], [106, 0.04784], [107, 0.03791], [108, 0.02689], [109, 0.02309], [110, 0.02671], [111, 0.0287], [112, 0.03752], [113, 0.03405], [114, 0.03184], [115, 0.0328], [116, 0.04386], [117, 0.0325], [118, 0.02871], [119, 0.03125], [120, 0.03266], [121, 0.02559], [122, 0.02798], [123, 0.04625], [124, 0.06406], [125, 0.06707], [126, 0.06175], [127, 0.05382], [128, 0.0377], [129, 0.02512], [130, 0.0238], [131, 0.02024], [132, 0.01856], [133, 0.02085], [134, 0.02815], [135, 0.03793], [136, 0.03247], [137, 0.02263], [138, 0.0211], [139, 0.0219], [140, 0.02443], [141, 0.02188], [142, 0.02396], [143, 0.02087], [144, 0.02886], [145, 0.02378], [146, 0.02422], [147, 0.01977], [148, 0.02252], [149, 0.02143], [150, 0.02111], [151, 0.02204], [152, 0.0199], [153, 0.01749], [154, 0.01689], [155, 0.01738], [156, 0.01632], [157, 0.01765], [158, 0.01646], [159, 0.01672], [160, 0.01755], [161, 0.02163], [162, 0.01808], [163, 0.0164], [164, 0.01365], [165, 0.01586], [166, 0.0185], [167, 0.01749], [168, 0.01693], [169, 0.01543], [170, 0.0151], [171, 0.018], [172, 0.022], [173, 0.02694], [174, 0.02756], [175, 0.02158], [176, 0.02259], [177, 0.01702], [178, 0.01574], [179, 0.01797], [180, 0.01594], [181, 0.01867], [182, 0.01909], [183, 0.01592], [184, 0.01431], [185, 0.01288], [186, 0.01295], [187, 0.01152], [188, 0.01206], [189, 0.01159], [190, 0.01194], [191, 0.01159], [192, 0.01175], [193, 0.01219], [194, 0.01251], [195, 0.01256], [196, 0.01768], [197, 0.01636], [198, 0.01578], [199, 0.01403], [200, 0.01792]], "acc": [[1, 0.37985], [2, 0.40914], [3, 0.45656], [4, 0.43144], [5, 0.39209], [6, 0.44544], [7, 0.45025], [8, 0.39722], [9, 0.38141], [10, 0.3598], [11, 0.409], [12, 0.42986], [13, 0.40548], [14, 0.38456], [15, 0.41437], [16, 0.44713], [17, 0.47971], [18, 0.46632], [19, 0.46333], [20, 0.43117], [21, 0.4021], [22, 0.36317], [23, 0.36172], [24, 0.36502], [25, 0.3561], [26, 0.36983], [27, 0.34035], [28, 0.33698], [29, 0.39122], [30, 0.39332], [31, 0.38473], [32, 0.40076], [33, 0.41524], [34, 0.40056], [35, 0.35868], [36, 0.33829], [37, 0.34132], [38, 0.35606], [39, 0.35137], [40, 0.34175], [41, 0.32697], [42, 0.32426], [43, 0.33025], [44, 0.33698], [45, 0.33484], [46, 0.33509], [47, 0.35051], [48, 0.34683], [49, 0.35271], [50, 0.37297], [51, 0.3637], [52, 0.32689], [53, 0.32686], [54, 0.32863], [55, 0.33667], [56, 0.3479], [57, 0.34819], [58, 0.33896], [59, 0.33252], [60, 0.32963], [61, 0.33232], [62, 0.33096], [63, 0.32613], [64, 0.31909], [65, 0.32134], [66, 0.32145], [67, 0.31708], [68, 0.31532], [69, 0.31541], [70, 0.31505], [71, 0.32187], [72, 0.32602], [73, 0.31746], [74, 0.3157], [75, 0.32236], [76, 0.33098], [77, 0.33388], [78, 0.35499], [79, 0.38621], [80, 0.39926], [81, 0.37181], [82, 0.35363], [83, 0.35109], [84, 0.35857], [85, 0.375], [86, 0.38179], [87, 0.36822], [88, 0.35514], [89, 0.34721], [90, 0.34482], [91, 0.33593], [92, 0.34385], [93, 0.34765], [94, 0.334], [95, 0.33174], [96, 0.33223], [97, 0.33127], [98, 0.33395], [99, 0.33625], [100, 0.33072], [101, 0.32684], [102, 0.32337], [103, 0.3286], [104, 0.33678], [105, 0.33551], [106, 0.33034], [107, 0.33304], [108, 0.32985], [109, 0.32334], [110, 0.32749], [111, 0.32693], [112, 0.3251], [113, 0.33214], [114, 0.34005], [115, 0.34523], [116, 0.34366], [117, 0.34467], [118, 0.34342], [119, 0.34139], [120, 0.33709], [121, 0.33644], [122, 0.33887], [123, 0.34899], [124, 0.35332], [125, 0.35439], [126, 0.35443], [127, 0.35479], [128, 0.3549], [129, 0.35761], [130, 0.35376], [131, 0.35347], [132, 0.35389], [133, 0.34948], [134, 0.34079], [135, 0.3368], [136, 0.33858], [137, 0.34117], [138, 0.33738], [139, 0.33266], [140, 0.32834], [141, 0.33101], [142, 0.3379], [143, 0.34099], [144, 0.33624], [145, 0.33411], [146, 0.3344], [147, 0.33451], [148, 0.33146], [149, 0.32972], [150, 0.33078], [151, 0.33177], [152, 0.33099], [153, 0.33034], [154, 0.33319], [155, 0.33395], [156, 0.33136], [157, 0.33212], [158, 0.33235], [159, 0.3323], [160, 0.33542], [161, 0.33605], [162, 0.3385], [163, 0.33656], [164, 0.33678], [165, 0.33714], [166, 0.34237], [167, 0.34162], [168, 0.33979], [169, 0.33834], [170, 0.33709], [171, 0.33731], [172, 0.33546], [173, 0.33388], [174, 0.32911], [175, 0.32539], [176, 0.32791], [177, 0.32722], [178, 0.32412], [179, 0.32539], [180, 0.32187], [181, 0.31552], [182, 0.31283], [183, 0.31405], [184, 0.31316], [185, 0.31314], [186, 0.31568], [187, 0.31274], [188, 0.31227], [189, 0.31238], [190, 0.31222], [191, 0.31064], [192, 0.31312], [193, 0.31169], [194, 0.31207], [195, 0.31127], [196, 0.31138], [197, 0.31178], [198, 0.31352], [199, 0.31374], [200, 0.31439]],